CLASS,LABEL,PATH,NUM_FRAMES,NUM_SEC,FPS
all,0,train\all\all_0_0.mp4,44,1,29
all,0,train\all\all_0_1.mp4,44,1,29
all,0,train\all\all_0_2.mp4,44,1,29
all,0,train\all\all_0_3.mp4,44,1,29
all,0,train\all\all_0_4.mp4,44,1,29
all,0,train\all\all_0_5.mp4,44,1,29
all,0,train\all\all_1_0.mp4,44,1,29
all,0,train\all\all_1_1.mp4,44,1,29
all,0,train\all\all_1_2.mp4,44,1,29
all,0,train\all\all_1_3.mp4,44,1,29
all,0,train\all\all_1_4.mp4,44,1,29
all,0,train\all\all_1_5.mp4,44,1,29
all,0,train\all\all_2_0.mp4,44,1,29
all,0,train\all\all_2_1.mp4,44,1,29
all,0,train\all\all_2_2.mp4,44,1,29
all,0,train\all\all_2_3.mp4,44,1,29
all,0,train\all\all_2_4.mp4,44,1,29
all,0,train\all\all_2_5.mp4,44,1,29
all,0,train\all\all_6_0.mp4,44,1,29
all,0,train\all\all_6_1.mp4,44,1,29
all,0,train\all\all_6_2.mp4,44,1,29
all,0,train\all\all_6_3.mp4,44,1,29
all,0,train\all\all_6_4.mp4,44,1,29
all,0,train\all\all_6_5.mp4,44,1,29
all,0,train\all\all_7_0.mp4,44,1,29
all,0,train\all\all_7_1.mp4,44,1,29
all,0,train\all\all_7_2.mp4,44,1,29
all,0,train\all\all_7_3.mp4,44,1,29
all,0,train\all\all_7_4.mp4,44,1,29
all,0,train\all\all_7_5.mp4,44,1,29
alphabet,1,train\alphabet\alphabet_1_0.mp4,104,3,29
alphabet,1,train\alphabet\alphabet_1_1.mp4,104,3,29
alphabet,1,train\alphabet\alphabet_1_2.mp4,104,3,29
alphabet,1,train\alphabet\alphabet_1_3.mp4,104,3,29
alphabet,1,train\alphabet\alphabet_1_4.mp4,104,3,29
alphabet,1,train\alphabet\alphabet_1_5.mp4,104,3,29
alphabet,1,train\alphabet\alphabet_2_0.mp4,104,3,29
alphabet,1,train\alphabet\alphabet_2_1.mp4,104,3,29
alphabet,1,train\alphabet\alphabet_2_2.mp4,104,3,29
alphabet,1,train\alphabet\alphabet_2_3.mp4,104,3,29
alphabet,1,train\alphabet\alphabet_2_4.mp4,104,3,29
alphabet,1,train\alphabet\alphabet_2_5.mp4,104,3,29
alphabet,1,train\alphabet\alphabet_7_0.mp4,104,3,29
alphabet,1,train\alphabet\alphabet_7_1.mp4,104,3,29
alphabet,1,train\alphabet\alphabet_7_2.mp4,104,3,29
alphabet,1,train\alphabet\alphabet_7_3.mp4,104,3,29
alphabet,1,train\alphabet\alphabet_7_4.mp4,104,3,29
alphabet,1,train\alphabet\alphabet_7_5.mp4,104,3,29
alphabet,1,train\alphabet\alphabet_8_0.mp4,104,3,29
alphabet,1,train\alphabet\alphabet_8_1.mp4,104,3,29
alphabet,1,train\alphabet\alphabet_8_2.mp4,104,3,29
alphabet,1,train\alphabet\alphabet_8_3.mp4,104,3,29
alphabet,1,train\alphabet\alphabet_8_4.mp4,104,3,29
alphabet,1,train\alphabet\alphabet_8_5.mp4,104,3,29
alphabet,1,train\alphabet\alphabet_9_0.mp4,104,3,29
alphabet,1,train\alphabet\alphabet_9_1.mp4,104,3,29
alphabet,1,train\alphabet\alphabet_9_2.mp4,104,3,29
alphabet,1,train\alphabet\alphabet_9_3.mp4,104,3,29
alphabet,1,train\alphabet\alphabet_9_4.mp4,104,3,29
alphabet,1,train\alphabet\alphabet_9_5.mp4,104,3,29
bad,2,train\bad\bad_0_0.mp4,34,1,29
bad,2,train\bad\bad_0_1.mp4,34,1,29
bad,2,train\bad\bad_0_2.mp4,34,1,29
bad,2,train\bad\bad_0_3.mp4,34,1,29
bad,2,train\bad\bad_0_4.mp4,34,1,29
bad,2,train\bad\bad_0_5.mp4,34,1,29
bad,2,train\bad\bad_1_0.mp4,34,1,29
bad,2,train\bad\bad_1_1.mp4,34,1,29
bad,2,train\bad\bad_1_2.mp4,34,1,29
bad,2,train\bad\bad_1_3.mp4,34,1,29
bad,2,train\bad\bad_1_4.mp4,34,1,29
bad,2,train\bad\bad_1_5.mp4,34,1,29
bad,2,train\bad\bad_4_0.mp4,34,1,29
bad,2,train\bad\bad_4_1.mp4,34,1,29
bad,2,train\bad\bad_4_2.mp4,34,1,29
bad,2,train\bad\bad_4_3.mp4,34,1,29
bad,2,train\bad\bad_4_4.mp4,34,1,29
bad,2,train\bad\bad_4_5.mp4,34,1,29
bad,2,train\bad\bad_7_0.mp4,34,1,29
bad,2,train\bad\bad_7_1.mp4,34,1,29
bad,2,train\bad\bad_7_2.mp4,34,1,29
bad,2,train\bad\bad_7_3.mp4,34,1,29
bad,2,train\bad\bad_7_4.mp4,34,1,29
bad,2,train\bad\bad_7_5.mp4,34,1,29
bad,2,train\bad\bad_9_0.mp4,34,1,29
bad,2,train\bad\bad_9_1.mp4,34,1,29
bad,2,train\bad\bad_9_2.mp4,34,1,29
bad,2,train\bad\bad_9_3.mp4,34,1,29
bad,2,train\bad\bad_9_4.mp4,34,1,29
bad,2,train\bad\bad_9_5.mp4,34,1,29
church,3,train\church\church_0_0.mp4,49,1,29
church,3,train\church\church_0_1.mp4,49,1,29
church,3,train\church\church_0_2.mp4,49,1,29
church,3,train\church\church_0_3.mp4,49,1,29
church,3,train\church\church_0_4.mp4,49,1,29
church,3,train\church\church_0_5.mp4,49,1,29
church,3,train\church\church_3_0.mp4,49,1,29
church,3,train\church\church_3_1.mp4,49,1,29
church,3,train\church\church_3_2.mp4,49,1,29
church,3,train\church\church_3_3.mp4,49,1,29
church,3,train\church\church_3_4.mp4,49,1,29
church,3,train\church\church_3_5.mp4,49,1,29
church,3,train\church\church_4_0.mp4,49,1,29
church,3,train\church\church_4_1.mp4,49,1,29
church,3,train\church\church_4_2.mp4,49,1,29
church,3,train\church\church_4_3.mp4,49,1,29
church,3,train\church\church_4_4.mp4,49,1,29
church,3,train\church\church_4_5.mp4,49,1,29
church,3,train\church\church_6_0.mp4,49,1,29
church,3,train\church\church_6_1.mp4,49,1,29
church,3,train\church\church_6_2.mp4,49,1,29
church,3,train\church\church_6_3.mp4,49,1,29
church,3,train\church\church_6_4.mp4,49,1,29
church,3,train\church\church_6_5.mp4,49,1,29
church,3,train\church\church_7_0.mp4,49,1,29
church,3,train\church\church_7_1.mp4,49,1,29
church,3,train\church\church_7_2.mp4,49,1,29
church,3,train\church\church_7_3.mp4,49,1,29
church,3,train\church\church_7_4.mp4,49,1,29
church,3,train\church\church_7_5.mp4,49,1,29
come,4,train\come\come_4_0.mp4,56,1,29
come,4,train\come\come_4_1.mp4,56,1,29
come,4,train\come\come_4_2.mp4,56,1,29
come,4,train\come\come_4_3.mp4,56,1,29
come,4,train\come\come_4_4.mp4,56,1,29
come,4,train\come\come_4_5.mp4,56,1,29
come,4,train\come\come_5_0.mp4,56,1,29
come,4,train\come\come_5_1.mp4,56,1,29
come,4,train\come\come_5_2.mp4,56,1,29
come,4,train\come\come_5_3.mp4,56,1,29
come,4,train\come\come_5_4.mp4,56,1,29
come,4,train\come\come_5_5.mp4,56,1,29
come,4,train\come\come_6_0.mp4,56,1,29
come,4,train\come\come_6_1.mp4,56,1,29
come,4,train\come\come_6_2.mp4,56,1,29
come,4,train\come\come_6_3.mp4,56,1,29
come,4,train\come\come_6_4.mp4,56,1,29
come,4,train\come\come_6_5.mp4,56,1,29
come,4,train\come\come_7_0.mp4,56,1,29
come,4,train\come\come_7_1.mp4,56,1,29
come,4,train\come\come_7_2.mp4,56,1,29
come,4,train\come\come_7_3.mp4,56,1,29
come,4,train\come\come_7_4.mp4,56,1,29
come,4,train\come\come_7_5.mp4,56,1,29
come,4,train\come\come_9_0.mp4,56,1,29
come,4,train\come\come_9_1.mp4,56,1,29
come,4,train\come\come_9_2.mp4,56,1,29
come,4,train\come\come_9_3.mp4,56,1,29
come,4,train\come\come_9_4.mp4,56,1,29
come,4,train\come\come_9_5.mp4,56,1,29
deaf,5,train\deaf\deaf_1_0.mp4,72,2,29
deaf,5,train\deaf\deaf_1_1.mp4,72,2,29
deaf,5,train\deaf\deaf_1_2.mp4,72,2,29
deaf,5,train\deaf\deaf_1_3.mp4,72,2,29
deaf,5,train\deaf\deaf_1_4.mp4,72,2,29
deaf,5,train\deaf\deaf_1_5.mp4,72,2,29
deaf,5,train\deaf\deaf_3_0.mp4,72,2,29
deaf,5,train\deaf\deaf_3_1.mp4,72,2,29
deaf,5,train\deaf\deaf_3_2.mp4,72,2,29
deaf,5,train\deaf\deaf_3_3.mp4,72,2,29
deaf,5,train\deaf\deaf_3_4.mp4,72,2,29
deaf,5,train\deaf\deaf_3_5.mp4,72,2,29
deaf,5,train\deaf\deaf_5_0.mp4,72,2,29
deaf,5,train\deaf\deaf_5_1.mp4,72,2,29
deaf,5,train\deaf\deaf_5_2.mp4,72,2,29
deaf,5,train\deaf\deaf_5_3.mp4,72,2,29
deaf,5,train\deaf\deaf_5_4.mp4,72,2,29
deaf,5,train\deaf\deaf_5_5.mp4,72,2,29
deaf,5,train\deaf\deaf_6_0.mp4,72,2,29
deaf,5,train\deaf\deaf_6_1.mp4,72,2,29
deaf,5,train\deaf\deaf_6_2.mp4,72,2,29
deaf,5,train\deaf\deaf_6_3.mp4,72,2,29
deaf,5,train\deaf\deaf_6_4.mp4,72,2,29
deaf,5,train\deaf\deaf_6_5.mp4,72,2,29
deaf,5,train\deaf\deaf_7_0.mp4,72,2,29
deaf,5,train\deaf\deaf_7_1.mp4,72,2,29
deaf,5,train\deaf\deaf_7_2.mp4,72,2,29
deaf,5,train\deaf\deaf_7_3.mp4,72,2,29
deaf,5,train\deaf\deaf_7_4.mp4,72,2,29
deaf,5,train\deaf\deaf_7_5.mp4,72,2,29
deaf-alt,6,train\deaf-alt\deaf-alt_0_0.mp4,72,2,29
deaf-alt,6,train\deaf-alt\deaf-alt_0_1.mp4,72,2,29
deaf-alt,6,train\deaf-alt\deaf-alt_0_2.mp4,72,2,29
deaf-alt,6,train\deaf-alt\deaf-alt_0_3.mp4,72,2,29
deaf-alt,6,train\deaf-alt\deaf-alt_0_4.mp4,72,2,29
deaf-alt,6,train\deaf-alt\deaf-alt_0_5.mp4,72,2,29
deaf-alt,6,train\deaf-alt\deaf-alt_1_0.mp4,72,2,29
deaf-alt,6,train\deaf-alt\deaf-alt_1_1.mp4,72,2,29
deaf-alt,6,train\deaf-alt\deaf-alt_1_2.mp4,72,2,29
deaf-alt,6,train\deaf-alt\deaf-alt_1_3.mp4,72,2,29
deaf-alt,6,train\deaf-alt\deaf-alt_1_4.mp4,72,2,29
deaf-alt,6,train\deaf-alt\deaf-alt_1_5.mp4,72,2,29
deaf-alt,6,train\deaf-alt\deaf-alt_2_0.mp4,72,2,29
deaf-alt,6,train\deaf-alt\deaf-alt_2_1.mp4,72,2,29
deaf-alt,6,train\deaf-alt\deaf-alt_2_2.mp4,72,2,29
deaf-alt,6,train\deaf-alt\deaf-alt_2_3.mp4,72,2,29
deaf-alt,6,train\deaf-alt\deaf-alt_2_4.mp4,72,2,29
deaf-alt,6,train\deaf-alt\deaf-alt_2_5.mp4,72,2,29
deaf-alt,6,train\deaf-alt\deaf-alt_5_0.mp4,72,2,29
deaf-alt,6,train\deaf-alt\deaf-alt_5_1.mp4,72,2,29
deaf-alt,6,train\deaf-alt\deaf-alt_5_2.mp4,72,2,29
deaf-alt,6,train\deaf-alt\deaf-alt_5_3.mp4,72,2,29
deaf-alt,6,train\deaf-alt\deaf-alt_5_4.mp4,72,2,29
deaf-alt,6,train\deaf-alt\deaf-alt_5_5.mp4,72,2,29
deaf-alt,6,train\deaf-alt\deaf-alt_7_0.mp4,72,2,29
deaf-alt,6,train\deaf-alt\deaf-alt_7_1.mp4,72,2,29
deaf-alt,6,train\deaf-alt\deaf-alt_7_2.mp4,72,2,29
deaf-alt,6,train\deaf-alt\deaf-alt_7_3.mp4,72,2,29
deaf-alt,6,train\deaf-alt\deaf-alt_7_4.mp4,72,2,29
deaf-alt,6,train\deaf-alt\deaf-alt_7_5.mp4,72,2,29
go,7,train\go\go_0_0.mp4,41,1,29
go,7,train\go\go_0_1.mp4,41,1,29
go,7,train\go\go_0_2.mp4,41,1,29
go,7,train\go\go_0_3.mp4,41,1,29
go,7,train\go\go_0_4.mp4,41,1,29
go,7,train\go\go_0_5.mp4,41,1,29
go,7,train\go\go_2_0.mp4,41,1,29
go,7,train\go\go_2_1.mp4,41,1,29
go,7,train\go\go_2_2.mp4,41,1,29
go,7,train\go\go_2_3.mp4,41,1,29
go,7,train\go\go_2_4.mp4,41,1,29
go,7,train\go\go_2_5.mp4,41,1,29
go,7,train\go\go_3_0.mp4,41,1,29
go,7,train\go\go_3_1.mp4,41,1,29
go,7,train\go\go_3_2.mp4,41,1,29
go,7,train\go\go_3_3.mp4,41,1,29
go,7,train\go\go_3_4.mp4,41,1,29
go,7,train\go\go_3_5.mp4,41,1,29
go,7,train\go\go_5_0.mp4,41,1,29
go,7,train\go\go_5_1.mp4,41,1,29
go,7,train\go\go_5_2.mp4,41,1,29
go,7,train\go\go_5_3.mp4,41,1,29
go,7,train\go\go_5_4.mp4,41,1,29
go,7,train\go\go_5_5.mp4,41,1,29
go,7,train\go\go_8_0.mp4,41,1,29
go,7,train\go\go_8_1.mp4,41,1,29
go,7,train\go\go_8_2.mp4,41,1,29
go,7,train\go\go_8_3.mp4,41,1,29
go,7,train\go\go_8_4.mp4,41,1,29
go,7,train\go\go_8_5.mp4,41,1,29
good,8,train\good\good_0_0.mp4,37,1,29
good,8,train\good\good_0_1.mp4,37,1,29
good,8,train\good\good_0_2.mp4,37,1,29
good,8,train\good\good_0_3.mp4,37,1,29
good,8,train\good\good_0_4.mp4,37,1,29
good,8,train\good\good_0_5.mp4,37,1,29
good,8,train\good\good_1_0.mp4,37,1,29
good,8,train\good\good_1_1.mp4,37,1,29
good,8,train\good\good_1_2.mp4,37,1,29
good,8,train\good\good_1_3.mp4,37,1,29
good,8,train\good\good_1_4.mp4,37,1,29
good,8,train\good\good_1_5.mp4,37,1,29
good,8,train\good\good_6_0.mp4,37,1,29
good,8,train\good\good_6_1.mp4,37,1,29
good,8,train\good\good_6_2.mp4,37,1,29
good,8,train\good\good_6_3.mp4,37,1,29
good,8,train\good\good_6_4.mp4,37,1,29
good,8,train\good\good_6_5.mp4,37,1,29
good,8,train\good\good_7_0.mp4,37,1,29
good,8,train\good\good_7_1.mp4,37,1,29
good,8,train\good\good_7_2.mp4,37,1,29
good,8,train\good\good_7_3.mp4,37,1,29
good,8,train\good\good_7_4.mp4,37,1,29
good,8,train\good\good_7_5.mp4,37,1,29
good,8,train\good\good_8_0.mp4,37,1,29
good,8,train\good\good_8_1.mp4,37,1,29
good,8,train\good\good_8_2.mp4,37,1,29
good,8,train\good\good_8_3.mp4,37,1,29
good,8,train\good\good_8_4.mp4,37,1,29
good,8,train\good\good_8_5.mp4,37,1,29
good-alt,9,train\good-alt\good-alt_0_0.mp4,27,0,29
good-alt,9,train\good-alt\good-alt_0_1.mp4,27,0,29
good-alt,9,train\good-alt\good-alt_0_2.mp4,27,0,29
good-alt,9,train\good-alt\good-alt_0_3.mp4,27,0,29
good-alt,9,train\good-alt\good-alt_0_4.mp4,27,0,29
good-alt,9,train\good-alt\good-alt_0_5.mp4,27,0,29
good-alt,9,train\good-alt\good-alt_1_0.mp4,27,0,29
good-alt,9,train\good-alt\good-alt_1_1.mp4,27,0,29
good-alt,9,train\good-alt\good-alt_1_2.mp4,27,0,29
good-alt,9,train\good-alt\good-alt_1_3.mp4,27,0,29
good-alt,9,train\good-alt\good-alt_1_4.mp4,27,0,29
good-alt,9,train\good-alt\good-alt_1_5.mp4,27,0,29
good-alt,9,train\good-alt\good-alt_3_0.mp4,27,0,29
good-alt,9,train\good-alt\good-alt_3_1.mp4,27,0,29
good-alt,9,train\good-alt\good-alt_3_2.mp4,27,0,29
good-alt,9,train\good-alt\good-alt_3_3.mp4,27,0,29
good-alt,9,train\good-alt\good-alt_3_4.mp4,27,0,29
good-alt,9,train\good-alt\good-alt_3_5.mp4,27,0,29
good-alt,9,train\good-alt\good-alt_7_0.mp4,27,0,29
good-alt,9,train\good-alt\good-alt_7_1.mp4,27,0,29
good-alt,9,train\good-alt\good-alt_7_2.mp4,27,0,29
good-alt,9,train\good-alt\good-alt_7_3.mp4,27,0,29
good-alt,9,train\good-alt\good-alt_7_4.mp4,27,0,29
good-alt,9,train\good-alt\good-alt_7_5.mp4,27,0,29
good-alt,9,train\good-alt\good-alt_9_0.mp4,27,0,29
good-alt,9,train\good-alt\good-alt_9_1.mp4,27,0,29
good-alt,9,train\good-alt\good-alt_9_2.mp4,27,0,29
good-alt,9,train\good-alt\good-alt_9_3.mp4,27,0,29
good-alt,9,train\good-alt\good-alt_9_4.mp4,27,0,29
good-alt,9,train\good-alt\good-alt_9_5.mp4,27,0,29
hearing,10,train\hearing\hearing_0_0.mp4,42,1,29
hearing,10,train\hearing\hearing_0_1.mp4,42,1,29
hearing,10,train\hearing\hearing_0_2.mp4,42,1,29
hearing,10,train\hearing\hearing_0_3.mp4,42,1,29
hearing,10,train\hearing\hearing_0_4.mp4,42,1,29
hearing,10,train\hearing\hearing_0_5.mp4,42,1,29
hearing,10,train\hearing\hearing_1_0.mp4,42,1,29
hearing,10,train\hearing\hearing_1_1.mp4,42,1,29
hearing,10,train\hearing\hearing_1_2.mp4,42,1,29
hearing,10,train\hearing\hearing_1_3.mp4,42,1,29
hearing,10,train\hearing\hearing_1_4.mp4,42,1,29
hearing,10,train\hearing\hearing_1_5.mp4,42,1,29
hearing,10,train\hearing\hearing_5_0.mp4,42,1,29
hearing,10,train\hearing\hearing_5_1.mp4,42,1,29
hearing,10,train\hearing\hearing_5_2.mp4,42,1,29
hearing,10,train\hearing\hearing_5_3.mp4,42,1,29
hearing,10,train\hearing\hearing_5_4.mp4,42,1,29
hearing,10,train\hearing\hearing_5_5.mp4,42,1,29
hearing,10,train\hearing\hearing_6_0.mp4,42,1,29
hearing,10,train\hearing\hearing_6_1.mp4,42,1,29
hearing,10,train\hearing\hearing_6_2.mp4,42,1,29
hearing,10,train\hearing\hearing_6_3.mp4,42,1,29
hearing,10,train\hearing\hearing_6_4.mp4,42,1,29
hearing,10,train\hearing\hearing_6_5.mp4,42,1,29
hearing,10,train\hearing\hearing_7_0.mp4,42,1,29
hearing,10,train\hearing\hearing_7_1.mp4,42,1,29
hearing,10,train\hearing\hearing_7_2.mp4,42,1,29
hearing,10,train\hearing\hearing_7_3.mp4,42,1,29
hearing,10,train\hearing\hearing_7_4.mp4,42,1,29
hearing,10,train\hearing\hearing_7_5.mp4,42,1,29
home,11,train\home\home_2_0.mp4,55,1,29
home,11,train\home\home_2_1.mp4,55,1,29
home,11,train\home\home_2_2.mp4,55,1,29
home,11,train\home\home_2_3.mp4,55,1,29
home,11,train\home\home_2_4.mp4,55,1,29
home,11,train\home\home_2_5.mp4,55,1,29
home,11,train\home\home_5_0.mp4,55,1,29
home,11,train\home\home_5_1.mp4,55,1,29
home,11,train\home\home_5_2.mp4,55,1,29
home,11,train\home\home_5_3.mp4,55,1,29
home,11,train\home\home_5_4.mp4,55,1,29
home,11,train\home\home_5_5.mp4,55,1,29
home,11,train\home\home_7_0.mp4,55,1,29
home,11,train\home\home_7_1.mp4,55,1,29
home,11,train\home\home_7_2.mp4,55,1,29
home,11,train\home\home_7_3.mp4,55,1,29
home,11,train\home\home_7_4.mp4,55,1,29
home,11,train\home\home_7_5.mp4,55,1,29
home,11,train\home\home_8_0.mp4,55,1,29
home,11,train\home\home_8_1.mp4,55,1,29
home,11,train\home\home_8_2.mp4,55,1,29
home,11,train\home\home_8_3.mp4,55,1,29
home,11,train\home\home_8_4.mp4,55,1,29
home,11,train\home\home_8_5.mp4,55,1,29
home,11,train\home\home_9_0.mp4,55,1,29
home,11,train\home\home_9_1.mp4,55,1,29
home,11,train\home\home_9_2.mp4,55,1,29
home,11,train\home\home_9_3.mp4,55,1,29
home,11,train\home\home_9_4.mp4,55,1,29
home,11,train\home\home_9_5.mp4,55,1,29
i-tell-you,12,train\i-tell-you\i-tell-you_0_0.mp4,45,1,29
i-tell-you,12,train\i-tell-you\i-tell-you_0_1.mp4,45,1,29
i-tell-you,12,train\i-tell-you\i-tell-you_0_2.mp4,45,1,29
i-tell-you,12,train\i-tell-you\i-tell-you_0_3.mp4,45,1,29
i-tell-you,12,train\i-tell-you\i-tell-you_0_4.mp4,45,1,29
i-tell-you,12,train\i-tell-you\i-tell-you_0_5.mp4,45,1,29
i-tell-you,12,train\i-tell-you\i-tell-you_4_0.mp4,45,1,29
i-tell-you,12,train\i-tell-you\i-tell-you_4_1.mp4,45,1,29
i-tell-you,12,train\i-tell-you\i-tell-you_4_2.mp4,45,1,29
i-tell-you,12,train\i-tell-you\i-tell-you_4_3.mp4,45,1,29
i-tell-you,12,train\i-tell-you\i-tell-you_4_4.mp4,45,1,29
i-tell-you,12,train\i-tell-you\i-tell-you_4_5.mp4,45,1,29
i-tell-you,12,train\i-tell-you\i-tell-you_5_0.mp4,45,1,29
i-tell-you,12,train\i-tell-you\i-tell-you_5_1.mp4,45,1,29
i-tell-you,12,train\i-tell-you\i-tell-you_5_2.mp4,45,1,29
i-tell-you,12,train\i-tell-you\i-tell-you_5_3.mp4,45,1,29
i-tell-you,12,train\i-tell-you\i-tell-you_5_4.mp4,45,1,29
i-tell-you,12,train\i-tell-you\i-tell-you_5_5.mp4,45,1,29
i-tell-you,12,train\i-tell-you\i-tell-you_6_0.mp4,45,1,29
i-tell-you,12,train\i-tell-you\i-tell-you_6_1.mp4,45,1,29
i-tell-you,12,train\i-tell-you\i-tell-you_6_2.mp4,45,1,29
i-tell-you,12,train\i-tell-you\i-tell-you_6_3.mp4,45,1,29
i-tell-you,12,train\i-tell-you\i-tell-you_6_4.mp4,45,1,29
i-tell-you,12,train\i-tell-you\i-tell-you_6_5.mp4,45,1,29
i-tell-you,12,train\i-tell-you\i-tell-you_9_0.mp4,45,1,29
i-tell-you,12,train\i-tell-you\i-tell-you_9_1.mp4,45,1,29
i-tell-you,12,train\i-tell-you\i-tell-you_9_2.mp4,45,1,29
i-tell-you,12,train\i-tell-you\i-tell-you_9_3.mp4,45,1,29
i-tell-you,12,train\i-tell-you\i-tell-you_9_4.mp4,45,1,29
i-tell-you,12,train\i-tell-you\i-tell-you_9_5.mp4,45,1,29
my,13,train\my\my_0_0.mp4,51,1,29
my,13,train\my\my_0_1.mp4,51,1,29
my,13,train\my\my_0_2.mp4,51,1,29
my,13,train\my\my_0_3.mp4,51,1,29
my,13,train\my\my_0_4.mp4,51,1,29
my,13,train\my\my_0_5.mp4,51,1,29
my,13,train\my\my_2_0.mp4,51,1,29
my,13,train\my\my_2_1.mp4,51,1,29
my,13,train\my\my_2_2.mp4,51,1,29
my,13,train\my\my_2_3.mp4,51,1,29
my,13,train\my\my_2_4.mp4,51,1,29
my,13,train\my\my_2_5.mp4,51,1,29
my,13,train\my\my_4_0.mp4,51,1,29
my,13,train\my\my_4_1.mp4,51,1,29
my,13,train\my\my_4_2.mp4,51,1,29
my,13,train\my\my_4_3.mp4,51,1,29
my,13,train\my\my_4_4.mp4,51,1,29
my,13,train\my\my_4_5.mp4,51,1,29
my,13,train\my\my_6_0.mp4,51,1,29
my,13,train\my\my_6_1.mp4,51,1,29
my,13,train\my\my_6_2.mp4,51,1,29
my,13,train\my\my_6_3.mp4,51,1,29
my,13,train\my\my_6_4.mp4,51,1,29
my,13,train\my\my_6_5.mp4,51,1,29
my,13,train\my\my_9_0.mp4,51,1,29
my,13,train\my\my_9_1.mp4,51,1,29
my,13,train\my\my_9_2.mp4,51,1,29
my,13,train\my\my_9_3.mp4,51,1,29
my,13,train\my\my_9_4.mp4,51,1,29
my,13,train\my\my_9_5.mp4,51,1,29
name,14,train\name\name_4_0.mp4,39,1,29
name,14,train\name\name_4_1.mp4,39,1,29
name,14,train\name\name_4_2.mp4,39,1,29
name,14,train\name\name_4_3.mp4,39,1,29
name,14,train\name\name_4_4.mp4,39,1,29
name,14,train\name\name_4_5.mp4,39,1,29
name,14,train\name\name_5_0.mp4,39,1,29
name,14,train\name\name_5_1.mp4,39,1,29
name,14,train\name\name_5_2.mp4,39,1,29
name,14,train\name\name_5_3.mp4,39,1,29
name,14,train\name\name_5_4.mp4,39,1,29
name,14,train\name\name_5_5.mp4,39,1,29
name,14,train\name\name_6_0.mp4,39,1,29
name,14,train\name\name_6_1.mp4,39,1,29
name,14,train\name\name_6_2.mp4,39,1,29
name,14,train\name\name_6_3.mp4,39,1,29
name,14,train\name\name_6_4.mp4,39,1,29
name,14,train\name\name_6_5.mp4,39,1,29
name,14,train\name\name_7_0.mp4,39,1,29
name,14,train\name\name_7_1.mp4,39,1,29
name,14,train\name\name_7_2.mp4,39,1,29
name,14,train\name\name_7_3.mp4,39,1,29
name,14,train\name\name_7_4.mp4,39,1,29
name,14,train\name\name_7_5.mp4,39,1,29
name,14,train\name\name_8_0.mp4,39,1,29
name,14,train\name\name_8_1.mp4,39,1,29
name,14,train\name\name_8_2.mp4,39,1,29
name,14,train\name\name_8_3.mp4,39,1,29
name,14,train\name\name_8_4.mp4,39,1,29
name,14,train\name\name_8_5.mp4,39,1,29
nice,15,train\nice\nice_0_0.mp4,53,1,29
nice,15,train\nice\nice_0_1.mp4,53,1,29
nice,15,train\nice\nice_0_2.mp4,53,1,29
nice,15,train\nice\nice_0_3.mp4,53,1,29
nice,15,train\nice\nice_0_4.mp4,53,1,29
nice,15,train\nice\nice_0_5.mp4,53,1,29
nice,15,train\nice\nice_2_0.mp4,53,1,29
nice,15,train\nice\nice_2_1.mp4,53,1,29
nice,15,train\nice\nice_2_2.mp4,53,1,29
nice,15,train\nice\nice_2_3.mp4,53,1,29
nice,15,train\nice\nice_2_4.mp4,53,1,29
nice,15,train\nice\nice_2_5.mp4,53,1,29
nice,15,train\nice\nice_3_0.mp4,53,1,29
nice,15,train\nice\nice_3_1.mp4,53,1,29
nice,15,train\nice\nice_3_2.mp4,53,1,29
nice,15,train\nice\nice_3_3.mp4,53,1,29
nice,15,train\nice\nice_3_4.mp4,53,1,29
nice,15,train\nice\nice_3_5.mp4,53,1,29
nice,15,train\nice\nice_6_0.mp4,53,1,29
nice,15,train\nice\nice_6_1.mp4,53,1,29
nice,15,train\nice\nice_6_2.mp4,53,1,29
nice,15,train\nice\nice_6_3.mp4,53,1,29
nice,15,train\nice\nice_6_4.mp4,53,1,29
nice,15,train\nice\nice_6_5.mp4,53,1,29
nice,15,train\nice\nice_8_0.mp4,53,1,29
nice,15,train\nice\nice_8_1.mp4,53,1,29
nice,15,train\nice\nice_8_2.mp4,53,1,29
nice,15,train\nice\nice_8_3.mp4,53,1,29
nice,15,train\nice\nice_8_4.mp4,53,1,29
nice,15,train\nice\nice_8_5.mp4,53,1,29
no,16,train\no\no_3_0.mp4,33,1,29
no,16,train\no\no_3_1.mp4,33,1,29
no,16,train\no\no_3_2.mp4,33,1,29
no,16,train\no\no_3_3.mp4,33,1,29
no,16,train\no\no_3_4.mp4,33,1,29
no,16,train\no\no_3_5.mp4,33,1,29
no,16,train\no\no_5_0.mp4,33,1,29
no,16,train\no\no_5_1.mp4,33,1,29
no,16,train\no\no_5_2.mp4,33,1,29
no,16,train\no\no_5_3.mp4,33,1,29
no,16,train\no\no_5_4.mp4,33,1,29
no,16,train\no\no_5_5.mp4,33,1,29
no,16,train\no\no_6_0.mp4,33,1,29
no,16,train\no\no_6_1.mp4,33,1,29
no,16,train\no\no_6_2.mp4,33,1,29
no,16,train\no\no_6_3.mp4,33,1,29
no,16,train\no\no_6_4.mp4,33,1,29
no,16,train\no\no_6_5.mp4,33,1,29
no,16,train\no\no_8_0.mp4,33,1,29
no,16,train\no\no_8_1.mp4,33,1,29
no,16,train\no\no_8_2.mp4,33,1,29
no,16,train\no\no_8_3.mp4,33,1,29
no,16,train\no\no_8_4.mp4,33,1,29
no,16,train\no\no_8_5.mp4,33,1,29
no,16,train\no\no_9_0.mp4,33,1,29
no,16,train\no\no_9_1.mp4,33,1,29
no,16,train\no\no_9_2.mp4,33,1,29
no,16,train\no\no_9_3.mp4,33,1,29
no,16,train\no\no_9_4.mp4,33,1,29
no,16,train\no\no_9_5.mp4,33,1,29
paper,17,train\paper\paper_0_0.mp4,50,1,29
paper,17,train\paper\paper_0_1.mp4,50,1,29
paper,17,train\paper\paper_0_2.mp4,50,1,29
paper,17,train\paper\paper_0_3.mp4,50,1,29
paper,17,train\paper\paper_0_4.mp4,50,1,29
paper,17,train\paper\paper_0_5.mp4,50,1,29
paper,17,train\paper\paper_1_0.mp4,50,1,29
paper,17,train\paper\paper_1_1.mp4,50,1,29
paper,17,train\paper\paper_1_2.mp4,50,1,29
paper,17,train\paper\paper_1_3.mp4,50,1,29
paper,17,train\paper\paper_1_4.mp4,50,1,29
paper,17,train\paper\paper_1_5.mp4,50,1,29
paper,17,train\paper\paper_2_0.mp4,50,1,29
paper,17,train\paper\paper_2_1.mp4,50,1,29
paper,17,train\paper\paper_2_2.mp4,50,1,29
paper,17,train\paper\paper_2_3.mp4,50,1,29
paper,17,train\paper\paper_2_4.mp4,50,1,29
paper,17,train\paper\paper_2_5.mp4,50,1,29
paper,17,train\paper\paper_3_0.mp4,50,1,29
paper,17,train\paper\paper_3_1.mp4,50,1,29
paper,17,train\paper\paper_3_2.mp4,50,1,29
paper,17,train\paper\paper_3_3.mp4,50,1,29
paper,17,train\paper\paper_3_4.mp4,50,1,29
paper,17,train\paper\paper_3_5.mp4,50,1,29
paper,17,train\paper\paper_5_0.mp4,50,1,29
paper,17,train\paper\paper_5_1.mp4,50,1,29
paper,17,train\paper\paper_5_2.mp4,50,1,29
paper,17,train\paper\paper_5_3.mp4,50,1,29
paper,17,train\paper\paper_5_4.mp4,50,1,29
paper,17,train\paper\paper_5_5.mp4,50,1,29
say,18,train\say\say_0_0.mp4,30,1,29
say,18,train\say\say_0_1.mp4,30,1,29
say,18,train\say\say_0_2.mp4,30,1,29
say,18,train\say\say_0_3.mp4,30,1,29
say,18,train\say\say_0_4.mp4,30,1,29
say,18,train\say\say_0_5.mp4,30,1,29
say,18,train\say\say_3_0.mp4,30,1,29
say,18,train\say\say_3_1.mp4,30,1,29
say,18,train\say\say_3_2.mp4,30,1,29
say,18,train\say\say_3_3.mp4,30,1,29
say,18,train\say\say_3_4.mp4,30,1,29
say,18,train\say\say_3_5.mp4,30,1,29
say,18,train\say\say_6_0.mp4,30,1,29
say,18,train\say\say_6_1.mp4,30,1,29
say,18,train\say\say_6_2.mp4,30,1,29
say,18,train\say\say_6_3.mp4,30,1,29
say,18,train\say\say_6_4.mp4,30,1,29
say,18,train\say\say_6_5.mp4,30,1,29
say,18,train\say\say_7_0.mp4,30,1,29
say,18,train\say\say_7_1.mp4,30,1,29
say,18,train\say\say_7_2.mp4,30,1,29
say,18,train\say\say_7_3.mp4,30,1,29
say,18,train\say\say_7_4.mp4,30,1,29
say,18,train\say\say_7_5.mp4,30,1,29
say,18,train\say\say_9_0.mp4,30,1,29
say,18,train\say\say_9_1.mp4,30,1,29
say,18,train\say\say_9_2.mp4,30,1,29
say,18,train\say\say_9_3.mp4,30,1,29
say,18,train\say\say_9_4.mp4,30,1,29
say,18,train\say\say_9_5.mp4,30,1,29
school,19,train\school\school_0_0.mp4,49,1,29
school,19,train\school\school_0_1.mp4,49,1,29
school,19,train\school\school_0_2.mp4,49,1,29
school,19,train\school\school_0_3.mp4,49,1,29
school,19,train\school\school_0_4.mp4,49,1,29
school,19,train\school\school_0_5.mp4,49,1,29
school,19,train\school\school_1_0.mp4,49,1,29
school,19,train\school\school_1_1.mp4,49,1,29
school,19,train\school\school_1_2.mp4,49,1,29
school,19,train\school\school_1_3.mp4,49,1,29
school,19,train\school\school_1_4.mp4,49,1,29
school,19,train\school\school_1_5.mp4,49,1,29
school,19,train\school\school_3_0.mp4,49,1,29
school,19,train\school\school_3_1.mp4,49,1,29
school,19,train\school\school_3_2.mp4,49,1,29
school,19,train\school\school_3_3.mp4,49,1,29
school,19,train\school\school_3_4.mp4,49,1,29
school,19,train\school\school_3_5.mp4,49,1,29
school,19,train\school\school_4_0.mp4,49,1,29
school,19,train\school\school_4_1.mp4,49,1,29
school,19,train\school\school_4_2.mp4,49,1,29
school,19,train\school\school_4_3.mp4,49,1,29
school,19,train\school\school_4_4.mp4,49,1,29
school,19,train\school\school_4_5.mp4,49,1,29
school,19,train\school\school_9_0.mp4,49,1,29
school,19,train\school\school_9_1.mp4,49,1,29
school,19,train\school\school_9_2.mp4,49,1,29
school,19,train\school\school_9_3.mp4,49,1,29
school,19,train\school\school_9_4.mp4,49,1,29
school,19,train\school\school_9_5.mp4,49,1,29
sentence,20,train\sentence\sentence_1_0.mp4,59,2,29
sentence,20,train\sentence\sentence_1_1.mp4,59,2,29
sentence,20,train\sentence\sentence_1_2.mp4,59,2,29
sentence,20,train\sentence\sentence_1_3.mp4,59,2,29
sentence,20,train\sentence\sentence_1_4.mp4,59,2,29
sentence,20,train\sentence\sentence_1_5.mp4,59,2,29
sentence,20,train\sentence\sentence_2_0.mp4,59,2,29
sentence,20,train\sentence\sentence_2_1.mp4,59,2,29
sentence,20,train\sentence\sentence_2_2.mp4,59,2,29
sentence,20,train\sentence\sentence_2_3.mp4,59,2,29
sentence,20,train\sentence\sentence_2_4.mp4,59,2,29
sentence,20,train\sentence\sentence_2_5.mp4,59,2,29
sentence,20,train\sentence\sentence_3_0.mp4,59,2,29
sentence,20,train\sentence\sentence_3_1.mp4,59,2,29
sentence,20,train\sentence\sentence_3_2.mp4,59,2,29
sentence,20,train\sentence\sentence_3_3.mp4,59,2,29
sentence,20,train\sentence\sentence_3_4.mp4,59,2,29
sentence,20,train\sentence\sentence_3_5.mp4,59,2,29
sentence,20,train\sentence\sentence_4_0.mp4,59,2,29
sentence,20,train\sentence\sentence_4_1.mp4,59,2,29
sentence,20,train\sentence\sentence_4_2.mp4,59,2,29
sentence,20,train\sentence\sentence_4_3.mp4,59,2,29
sentence,20,train\sentence\sentence_4_4.mp4,59,2,29
sentence,20,train\sentence\sentence_4_5.mp4,59,2,29
sentence,20,train\sentence\sentence_8_0.mp4,59,2,29
sentence,20,train\sentence\sentence_8_1.mp4,59,2,29
sentence,20,train\sentence\sentence_8_2.mp4,59,2,29
sentence,20,train\sentence\sentence_8_3.mp4,59,2,29
sentence,20,train\sentence\sentence_8_4.mp4,59,2,29
sentence,20,train\sentence\sentence_8_5.mp4,59,2,29
sign,21,train\sign\sign_1_0.mp4,50,1,29
sign,21,train\sign\sign_1_1.mp4,50,1,29
sign,21,train\sign\sign_1_2.mp4,50,1,29
sign,21,train\sign\sign_1_3.mp4,50,1,29
sign,21,train\sign\sign_1_4.mp4,50,1,29
sign,21,train\sign\sign_1_5.mp4,50,1,29
sign,21,train\sign\sign_2_0.mp4,50,1,29
sign,21,train\sign\sign_2_1.mp4,50,1,29
sign,21,train\sign\sign_2_2.mp4,50,1,29
sign,21,train\sign\sign_2_3.mp4,50,1,29
sign,21,train\sign\sign_2_4.mp4,50,1,29
sign,21,train\sign\sign_2_5.mp4,50,1,29
sign,21,train\sign\sign_4_0.mp4,50,1,29
sign,21,train\sign\sign_4_1.mp4,50,1,29
sign,21,train\sign\sign_4_2.mp4,50,1,29
sign,21,train\sign\sign_4_3.mp4,50,1,29
sign,21,train\sign\sign_4_4.mp4,50,1,29
sign,21,train\sign\sign_4_5.mp4,50,1,29
sign,21,train\sign\sign_5_0.mp4,50,1,29
sign,21,train\sign\sign_5_1.mp4,50,1,29
sign,21,train\sign\sign_5_2.mp4,50,1,29
sign,21,train\sign\sign_5_3.mp4,50,1,29
sign,21,train\sign\sign_5_4.mp4,50,1,29
sign,21,train\sign\sign_5_5.mp4,50,1,29
sign,21,train\sign\sign_9_0.mp4,50,1,29
sign,21,train\sign\sign_9_1.mp4,50,1,29
sign,21,train\sign\sign_9_2.mp4,50,1,29
sign,21,train\sign\sign_9_3.mp4,50,1,29
sign,21,train\sign\sign_9_4.mp4,50,1,29
sign,21,train\sign\sign_9_5.mp4,50,1,29
sign-alt,22,train\sign-alt\sign-alt_1_0.mp4,33,1,29
sign-alt,22,train\sign-alt\sign-alt_1_1.mp4,33,1,29
sign-alt,22,train\sign-alt\sign-alt_1_2.mp4,33,1,29
sign-alt,22,train\sign-alt\sign-alt_1_3.mp4,33,1,29
sign-alt,22,train\sign-alt\sign-alt_1_4.mp4,33,1,29
sign-alt,22,train\sign-alt\sign-alt_1_5.mp4,33,1,29
sign-alt,22,train\sign-alt\sign-alt_2_0.mp4,33,1,29
sign-alt,22,train\sign-alt\sign-alt_2_1.mp4,33,1,29
sign-alt,22,train\sign-alt\sign-alt_2_2.mp4,33,1,29
sign-alt,22,train\sign-alt\sign-alt_2_3.mp4,33,1,29
sign-alt,22,train\sign-alt\sign-alt_2_4.mp4,33,1,29
sign-alt,22,train\sign-alt\sign-alt_2_5.mp4,33,1,29
sign-alt,22,train\sign-alt\sign-alt_3_0.mp4,33,1,29
sign-alt,22,train\sign-alt\sign-alt_3_1.mp4,33,1,29
sign-alt,22,train\sign-alt\sign-alt_3_2.mp4,33,1,29
sign-alt,22,train\sign-alt\sign-alt_3_3.mp4,33,1,29
sign-alt,22,train\sign-alt\sign-alt_3_4.mp4,33,1,29
sign-alt,22,train\sign-alt\sign-alt_3_5.mp4,33,1,29
sign-alt,22,train\sign-alt\sign-alt_5_0.mp4,33,1,29
sign-alt,22,train\sign-alt\sign-alt_5_1.mp4,33,1,29
sign-alt,22,train\sign-alt\sign-alt_5_2.mp4,33,1,29
sign-alt,22,train\sign-alt\sign-alt_5_3.mp4,33,1,29
sign-alt,22,train\sign-alt\sign-alt_5_4.mp4,33,1,29
sign-alt,22,train\sign-alt\sign-alt_5_5.mp4,33,1,29
sign-alt,22,train\sign-alt\sign-alt_6_0.mp4,33,1,29
sign-alt,22,train\sign-alt\sign-alt_6_1.mp4,33,1,29
sign-alt,22,train\sign-alt\sign-alt_6_2.mp4,33,1,29
sign-alt,22,train\sign-alt\sign-alt_6_3.mp4,33,1,29
sign-alt,22,train\sign-alt\sign-alt_6_4.mp4,33,1,29
sign-alt,22,train\sign-alt\sign-alt_6_5.mp4,33,1,29
sign-language,23,train\sign-language\sign-language_0_0.mp4,74,2,29
sign-language,23,train\sign-language\sign-language_0_1.mp4,74,2,29
sign-language,23,train\sign-language\sign-language_0_2.mp4,74,2,29
sign-language,23,train\sign-language\sign-language_0_3.mp4,74,2,29
sign-language,23,train\sign-language\sign-language_0_4.mp4,74,2,29
sign-language,23,train\sign-language\sign-language_0_5.mp4,74,2,29
sign-language,23,train\sign-language\sign-language_1_0.mp4,74,2,29
sign-language,23,train\sign-language\sign-language_1_1.mp4,74,2,29
sign-language,23,train\sign-language\sign-language_1_2.mp4,74,2,29
sign-language,23,train\sign-language\sign-language_1_3.mp4,74,2,29
sign-language,23,train\sign-language\sign-language_1_4.mp4,74,2,29
sign-language,23,train\sign-language\sign-language_1_5.mp4,74,2,29
sign-language,23,train\sign-language\sign-language_2_0.mp4,74,2,29
sign-language,23,train\sign-language\sign-language_2_1.mp4,74,2,29
sign-language,23,train\sign-language\sign-language_2_2.mp4,74,2,29
sign-language,23,train\sign-language\sign-language_2_3.mp4,74,2,29
sign-language,23,train\sign-language\sign-language_2_4.mp4,74,2,29
sign-language,23,train\sign-language\sign-language_2_5.mp4,74,2,29
sign-language,23,train\sign-language\sign-language_5_0.mp4,74,2,29
sign-language,23,train\sign-language\sign-language_5_1.mp4,74,2,29
sign-language,23,train\sign-language\sign-language_5_2.mp4,74,2,29
sign-language,23,train\sign-language\sign-language_5_3.mp4,74,2,29
sign-language,23,train\sign-language\sign-language_5_4.mp4,74,2,29
sign-language,23,train\sign-language\sign-language_5_5.mp4,74,2,29
sign-language,23,train\sign-language\sign-language_6_0.mp4,74,2,29
sign-language,23,train\sign-language\sign-language_6_1.mp4,74,2,29
sign-language,23,train\sign-language\sign-language_6_2.mp4,74,2,29
sign-language,23,train\sign-language\sign-language_6_3.mp4,74,2,29
sign-language,23,train\sign-language\sign-language_6_4.mp4,74,2,29
sign-language,23,train\sign-language\sign-language_6_5.mp4,74,2,29
some,24,train\some\some_0_0.mp4,45,1,29
some,24,train\some\some_0_1.mp4,45,1,29
some,24,train\some\some_0_2.mp4,45,1,29
some,24,train\some\some_0_3.mp4,45,1,29
some,24,train\some\some_0_4.mp4,45,1,29
some,24,train\some\some_0_5.mp4,45,1,29
some,24,train\some\some_4_0.mp4,45,1,29
some,24,train\some\some_4_1.mp4,45,1,29
some,24,train\some\some_4_2.mp4,45,1,29
some,24,train\some\some_4_3.mp4,45,1,29
some,24,train\some\some_4_4.mp4,45,1,29
some,24,train\some\some_4_5.mp4,45,1,29
some,24,train\some\some_5_0.mp4,45,1,29
some,24,train\some\some_5_1.mp4,45,1,29
some,24,train\some\some_5_2.mp4,45,1,29
some,24,train\some\some_5_3.mp4,45,1,29
some,24,train\some\some_5_4.mp4,45,1,29
some,24,train\some\some_5_5.mp4,45,1,29
some,24,train\some\some_7_0.mp4,45,1,29
some,24,train\some\some_7_1.mp4,45,1,29
some,24,train\some\some_7_2.mp4,45,1,29
some,24,train\some\some_7_3.mp4,45,1,29
some,24,train\some\some_7_4.mp4,45,1,29
some,24,train\some\some_7_5.mp4,45,1,29
some,24,train\some\some_9_0.mp4,45,1,29
some,24,train\some\some_9_1.mp4,45,1,29
some,24,train\some\some_9_2.mp4,45,1,29
some,24,train\some\some_9_3.mp4,45,1,29
some,24,train\some\some_9_4.mp4,45,1,29
some,24,train\some\some_9_5.mp4,45,1,29
speak,25,train\speak\speak_0_0.mp4,34,1,29
speak,25,train\speak\speak_0_1.mp4,34,1,29
speak,25,train\speak\speak_0_2.mp4,34,1,29
speak,25,train\speak\speak_0_3.mp4,34,1,29
speak,25,train\speak\speak_0_4.mp4,34,1,29
speak,25,train\speak\speak_0_5.mp4,34,1,29
speak,25,train\speak\speak_4_0.mp4,34,1,29
speak,25,train\speak\speak_4_1.mp4,34,1,29
speak,25,train\speak\speak_4_2.mp4,34,1,29
speak,25,train\speak\speak_4_3.mp4,34,1,29
speak,25,train\speak\speak_4_4.mp4,34,1,29
speak,25,train\speak\speak_4_5.mp4,34,1,29
speak,25,train\speak\speak_6_0.mp4,34,1,29
speak,25,train\speak\speak_6_1.mp4,34,1,29
speak,25,train\speak\speak_6_2.mp4,34,1,29
speak,25,train\speak\speak_6_3.mp4,34,1,29
speak,25,train\speak\speak_6_4.mp4,34,1,29
speak,25,train\speak\speak_6_5.mp4,34,1,29
speak,25,train\speak\speak_7_0.mp4,34,1,29
speak,25,train\speak\speak_7_1.mp4,34,1,29
speak,25,train\speak\speak_7_2.mp4,34,1,29
speak,25,train\speak\speak_7_3.mp4,34,1,29
speak,25,train\speak\speak_7_4.mp4,34,1,29
speak,25,train\speak\speak_7_5.mp4,34,1,29
speak,25,train\speak\speak_8_0.mp4,34,1,29
speak,25,train\speak\speak_8_1.mp4,34,1,29
speak,25,train\speak\speak_8_2.mp4,34,1,29
speak,25,train\speak\speak_8_3.mp4,34,1,29
speak,25,train\speak\speak_8_4.mp4,34,1,29
speak,25,train\speak\speak_8_5.mp4,34,1,29
speak-alt,26,train\speak-alt\speak-alt_2_0.mp4,30,1,29
speak-alt,26,train\speak-alt\speak-alt_2_1.mp4,30,1,29
speak-alt,26,train\speak-alt\speak-alt_2_2.mp4,30,1,29
speak-alt,26,train\speak-alt\speak-alt_2_3.mp4,30,1,29
speak-alt,26,train\speak-alt\speak-alt_2_4.mp4,30,1,29
speak-alt,26,train\speak-alt\speak-alt_2_5.mp4,30,1,29
speak-alt,26,train\speak-alt\speak-alt_5_0.mp4,30,1,29
speak-alt,26,train\speak-alt\speak-alt_5_1.mp4,30,1,29
speak-alt,26,train\speak-alt\speak-alt_5_2.mp4,30,1,29
speak-alt,26,train\speak-alt\speak-alt_5_3.mp4,30,1,29
speak-alt,26,train\speak-alt\speak-alt_5_4.mp4,30,1,29
speak-alt,26,train\speak-alt\speak-alt_5_5.mp4,30,1,29
speak-alt,26,train\speak-alt\speak-alt_6_0.mp4,30,1,29
speak-alt,26,train\speak-alt\speak-alt_6_1.mp4,30,1,29
speak-alt,26,train\speak-alt\speak-alt_6_2.mp4,30,1,29
speak-alt,26,train\speak-alt\speak-alt_6_3.mp4,30,1,29
speak-alt,26,train\speak-alt\speak-alt_6_4.mp4,30,1,29
speak-alt,26,train\speak-alt\speak-alt_6_5.mp4,30,1,29
speak-alt,26,train\speak-alt\speak-alt_7_0.mp4,30,1,29
speak-alt,26,train\speak-alt\speak-alt_7_1.mp4,30,1,29
speak-alt,26,train\speak-alt\speak-alt_7_2.mp4,30,1,29
speak-alt,26,train\speak-alt\speak-alt_7_3.mp4,30,1,29
speak-alt,26,train\speak-alt\speak-alt_7_4.mp4,30,1,29
speak-alt,26,train\speak-alt\speak-alt_7_5.mp4,30,1,29
speak-alt,26,train\speak-alt\speak-alt_9_0.mp4,30,1,29
speak-alt,26,train\speak-alt\speak-alt_9_1.mp4,30,1,29
speak-alt,26,train\speak-alt\speak-alt_9_2.mp4,30,1,29
speak-alt,26,train\speak-alt\speak-alt_9_3.mp4,30,1,29
speak-alt,26,train\speak-alt\speak-alt_9_4.mp4,30,1,29
speak-alt,26,train\speak-alt\speak-alt_9_5.mp4,30,1,29
talk,27,train\talk\talk_0_0.mp4,48,1,29
talk,27,train\talk\talk_0_1.mp4,48,1,29
talk,27,train\talk\talk_0_2.mp4,48,1,29
talk,27,train\talk\talk_0_3.mp4,48,1,29
talk,27,train\talk\talk_0_4.mp4,48,1,29
talk,27,train\talk\talk_0_5.mp4,48,1,29
talk,27,train\talk\talk_1_0.mp4,48,1,29
talk,27,train\talk\talk_1_1.mp4,48,1,29
talk,27,train\talk\talk_1_2.mp4,48,1,29
talk,27,train\talk\talk_1_3.mp4,48,1,29
talk,27,train\talk\talk_1_4.mp4,48,1,29
talk,27,train\talk\talk_1_5.mp4,48,1,29
talk,27,train\talk\talk_3_0.mp4,48,1,29
talk,27,train\talk\talk_3_1.mp4,48,1,29
talk,27,train\talk\talk_3_2.mp4,48,1,29
talk,27,train\talk\talk_3_3.mp4,48,1,29
talk,27,train\talk\talk_3_4.mp4,48,1,29
talk,27,train\talk\talk_3_5.mp4,48,1,29
talk,27,train\talk\talk_5_0.mp4,48,1,29
talk,27,train\talk\talk_5_1.mp4,48,1,29
talk,27,train\talk\talk_5_2.mp4,48,1,29
talk,27,train\talk\talk_5_3.mp4,48,1,29
talk,27,train\talk\talk_5_4.mp4,48,1,29
talk,27,train\talk\talk_5_5.mp4,48,1,29
talk,27,train\talk\talk_8_0.mp4,48,1,29
talk,27,train\talk\talk_8_1.mp4,48,1,29
talk,27,train\talk\talk_8_2.mp4,48,1,29
talk,27,train\talk\talk_8_3.mp4,48,1,29
talk,27,train\talk\talk_8_4.mp4,48,1,29
talk,27,train\talk\talk_8_5.mp4,48,1,29
talk-alt,28,train\talk-alt\talk-alt_0_0.mp4,44,1,29
talk-alt,28,train\talk-alt\talk-alt_0_1.mp4,44,1,29
talk-alt,28,train\talk-alt\talk-alt_0_2.mp4,44,1,29
talk-alt,28,train\talk-alt\talk-alt_0_3.mp4,44,1,29
talk-alt,28,train\talk-alt\talk-alt_0_4.mp4,44,1,29
talk-alt,28,train\talk-alt\talk-alt_0_5.mp4,44,1,29
talk-alt,28,train\talk-alt\talk-alt_2_0.mp4,44,1,29
talk-alt,28,train\talk-alt\talk-alt_2_1.mp4,44,1,29
talk-alt,28,train\talk-alt\talk-alt_2_2.mp4,44,1,29
talk-alt,28,train\talk-alt\talk-alt_2_3.mp4,44,1,29
talk-alt,28,train\talk-alt\talk-alt_2_4.mp4,44,1,29
talk-alt,28,train\talk-alt\talk-alt_2_5.mp4,44,1,29
talk-alt,28,train\talk-alt\talk-alt_3_0.mp4,44,1,29
talk-alt,28,train\talk-alt\talk-alt_3_1.mp4,44,1,29
talk-alt,28,train\talk-alt\talk-alt_3_2.mp4,44,1,29
talk-alt,28,train\talk-alt\talk-alt_3_3.mp4,44,1,29
talk-alt,28,train\talk-alt\talk-alt_3_4.mp4,44,1,29
talk-alt,28,train\talk-alt\talk-alt_3_5.mp4,44,1,29
talk-alt,28,train\talk-alt\talk-alt_4_0.mp4,44,1,29
talk-alt,28,train\talk-alt\talk-alt_4_1.mp4,44,1,29
talk-alt,28,train\talk-alt\talk-alt_4_2.mp4,44,1,29
talk-alt,28,train\talk-alt\talk-alt_4_3.mp4,44,1,29
talk-alt,28,train\talk-alt\talk-alt_4_4.mp4,44,1,29
talk-alt,28,train\talk-alt\talk-alt_4_5.mp4,44,1,29
talk-alt,28,train\talk-alt\talk-alt_8_0.mp4,44,1,29
talk-alt,28,train\talk-alt\talk-alt_8_1.mp4,44,1,29
talk-alt,28,train\talk-alt\talk-alt_8_2.mp4,44,1,29
talk-alt,28,train\talk-alt\talk-alt_8_3.mp4,44,1,29
talk-alt,28,train\talk-alt\talk-alt_8_4.mp4,44,1,29
talk-alt,28,train\talk-alt\talk-alt_8_5.mp4,44,1,29
that,29,train\that\that_0_0.mp4,41,1,29
that,29,train\that\that_0_1.mp4,41,1,29
that,29,train\that\that_0_2.mp4,41,1,29
that,29,train\that\that_0_3.mp4,41,1,29
that,29,train\that\that_0_4.mp4,41,1,29
that,29,train\that\that_0_5.mp4,41,1,29
that,29,train\that\that_1_0.mp4,41,1,29
that,29,train\that\that_1_1.mp4,41,1,29
that,29,train\that\that_1_2.mp4,41,1,29
that,29,train\that\that_1_3.mp4,41,1,29
that,29,train\that\that_1_4.mp4,41,1,29
that,29,train\that\that_1_5.mp4,41,1,29
that,29,train\that\that_3_0.mp4,41,1,29
that,29,train\that\that_3_1.mp4,41,1,29
that,29,train\that\that_3_2.mp4,41,1,29
that,29,train\that\that_3_3.mp4,41,1,29
that,29,train\that\that_3_4.mp4,41,1,29
that,29,train\that\that_3_5.mp4,41,1,29
that,29,train\that\that_8_0.mp4,41,1,29
that,29,train\that\that_8_1.mp4,41,1,29
that,29,train\that\that_8_2.mp4,41,1,29
that,29,train\that\that_8_3.mp4,41,1,29
that,29,train\that\that_8_4.mp4,41,1,29
that,29,train\that\that_8_5.mp4,41,1,29
that,29,train\that\that_9_0.mp4,41,1,29
that,29,train\that\that_9_1.mp4,41,1,29
that,29,train\that\that_9_2.mp4,41,1,29
that,29,train\that\that_9_3.mp4,41,1,29
that,29,train\that\that_9_4.mp4,41,1,29
that,29,train\that\that_9_5.mp4,41,1,29
these,30,train\these\these_0_0.mp4,58,1,29
these,30,train\these\these_0_1.mp4,58,2,29
these,30,train\these\these_0_2.mp4,58,2,29
these,30,train\these\these_0_3.mp4,58,2,29
these,30,train\these\these_0_4.mp4,58,2,29
these,30,train\these\these_0_5.mp4,58,2,29
these,30,train\these\these_2_0.mp4,58,2,29
these,30,train\these\these_2_1.mp4,58,2,29
these,30,train\these\these_2_2.mp4,58,2,29
these,30,train\these\these_2_3.mp4,58,2,29
these,30,train\these\these_2_4.mp4,58,2,29
these,30,train\these\these_2_5.mp4,58,2,29
these,30,train\these\these_4_0.mp4,58,2,29
these,30,train\these\these_4_1.mp4,58,2,29
these,30,train\these\these_4_2.mp4,58,2,29
these,30,train\these\these_4_3.mp4,58,2,29
these,30,train\these\these_4_4.mp4,58,2,29
these,30,train\these\these_4_5.mp4,58,2,29
these,30,train\these\these_5_0.mp4,58,2,29
these,30,train\these\these_5_1.mp4,58,2,29
these,30,train\these\these_5_2.mp4,58,2,29
these,30,train\these\these_5_3.mp4,58,2,29
these,30,train\these\these_5_4.mp4,58,2,29
these,30,train\these\these_5_5.mp4,58,2,29
these,30,train\these\these_6_0.mp4,58,2,29
these,30,train\these\these_6_1.mp4,58,2,29
these,30,train\these\these_6_2.mp4,58,2,29
these,30,train\these\these_6_3.mp4,58,2,29
these,30,train\these\these_6_4.mp4,58,2,29
these,30,train\these\these_6_5.mp4,58,2,29
this,31,train\this\this_1_0.mp4,46,1,29
this,31,train\this\this_1_1.mp4,46,1,29
this,31,train\this\this_1_2.mp4,46,1,29
this,31,train\this\this_1_3.mp4,46,1,29
this,31,train\this\this_1_4.mp4,46,1,29
this,31,train\this\this_1_5.mp4,46,1,29
this,31,train\this\this_3_0.mp4,46,1,29
this,31,train\this\this_3_1.mp4,46,1,29
this,31,train\this\this_3_2.mp4,46,1,29
this,31,train\this\this_3_3.mp4,46,1,29
this,31,train\this\this_3_4.mp4,46,1,29
this,31,train\this\this_3_5.mp4,46,1,29
this,31,train\this\this_5_0.mp4,46,1,29
this,31,train\this\this_5_1.mp4,46,1,29
this,31,train\this\this_5_2.mp4,46,1,29
this,31,train\this\this_5_3.mp4,46,1,29
this,31,train\this\this_5_4.mp4,46,1,29
this,31,train\this\this_5_5.mp4,46,1,29
this,31,train\this\this_6_0.mp4,46,1,29
this,31,train\this\this_6_1.mp4,46,1,29
this,31,train\this\this_6_2.mp4,46,1,29
this,31,train\this\this_6_3.mp4,46,1,29
this,31,train\this\this_6_4.mp4,46,1,29
this,31,train\this\this_6_5.mp4,46,1,29
this,31,train\this\this_8_0.mp4,46,1,29
this,31,train\this\this_8_1.mp4,46,1,29
this,31,train\this\this_8_2.mp4,46,1,29
this,31,train\this\this_8_3.mp4,46,1,29
this,31,train\this\this_8_4.mp4,46,1,29
this,31,train\this\this_8_5.mp4,46,1,29
those,32,train\those\those_2_0.mp4,52,1,29
those,32,train\those\those_2_1.mp4,52,1,29
those,32,train\those\those_2_2.mp4,52,1,29
those,32,train\those\those_2_3.mp4,52,1,29
those,32,train\those\those_2_4.mp4,52,1,29
those,32,train\those\those_2_5.mp4,52,1,29
those,32,train\those\those_3_0.mp4,52,1,29
those,32,train\those\those_3_1.mp4,52,1,29
those,32,train\those\those_3_2.mp4,52,1,29
those,32,train\those\those_3_3.mp4,52,1,29
those,32,train\those\those_3_4.mp4,52,1,29
those,32,train\those\those_3_5.mp4,52,1,29
those,32,train\those\those_4_0.mp4,52,1,29
those,32,train\those\those_4_1.mp4,52,1,29
those,32,train\those\those_4_2.mp4,52,1,29
those,32,train\those\those_4_3.mp4,52,1,29
those,32,train\those\those_4_4.mp4,52,1,29
those,32,train\those\those_4_5.mp4,52,1,29
those,32,train\those\those_5_0.mp4,52,1,29
those,32,train\those\those_5_1.mp4,52,1,29
those,32,train\those\those_5_2.mp4,52,1,29
those,32,train\those\those_5_3.mp4,52,1,29
those,32,train\those\those_5_4.mp4,52,1,29
those,32,train\those\those_5_5.mp4,52,1,29
those,32,train\those\those_7_0.mp4,52,1,29
those,32,train\those\those_7_1.mp4,52,1,29
those,32,train\those\those_7_2.mp4,52,1,29
those,32,train\those\those_7_3.mp4,52,1,29
those,32,train\those\those_7_4.mp4,52,1,29
those,32,train\those\those_7_5.mp4,52,1,29
vocabulary,33,train\vocabulary\vocabulary_1_0.mp4,45,1,29
vocabulary,33,train\vocabulary\vocabulary_1_1.mp4,45,1,29
vocabulary,33,train\vocabulary\vocabulary_1_2.mp4,45,1,29
vocabulary,33,train\vocabulary\vocabulary_1_3.mp4,45,1,29
vocabulary,33,train\vocabulary\vocabulary_1_4.mp4,45,1,29
vocabulary,33,train\vocabulary\vocabulary_1_5.mp4,45,1,29
vocabulary,33,train\vocabulary\vocabulary_4_0.mp4,45,1,29
vocabulary,33,train\vocabulary\vocabulary_4_1.mp4,45,1,29
vocabulary,33,train\vocabulary\vocabulary_4_2.mp4,45,1,29
vocabulary,33,train\vocabulary\vocabulary_4_3.mp4,45,1,29
vocabulary,33,train\vocabulary\vocabulary_4_4.mp4,45,1,29
vocabulary,33,train\vocabulary\vocabulary_4_5.mp4,45,1,29
vocabulary,33,train\vocabulary\vocabulary_7_0.mp4,45,1,29
vocabulary,33,train\vocabulary\vocabulary_7_1.mp4,45,1,29
vocabulary,33,train\vocabulary\vocabulary_7_2.mp4,45,1,29
vocabulary,33,train\vocabulary\vocabulary_7_3.mp4,45,1,29
vocabulary,33,train\vocabulary\vocabulary_7_4.mp4,45,1,29
vocabulary,33,train\vocabulary\vocabulary_7_5.mp4,45,1,29
vocabulary,33,train\vocabulary\vocabulary_8_0.mp4,45,1,29
vocabulary,33,train\vocabulary\vocabulary_8_1.mp4,45,1,29
vocabulary,33,train\vocabulary\vocabulary_8_2.mp4,45,1,29
vocabulary,33,train\vocabulary\vocabulary_8_3.mp4,45,1,29
vocabulary,33,train\vocabulary\vocabulary_8_4.mp4,45,1,29
vocabulary,33,train\vocabulary\vocabulary_8_5.mp4,45,1,29
vocabulary,33,train\vocabulary\vocabulary_9_0.mp4,45,1,29
vocabulary,33,train\vocabulary\vocabulary_9_1.mp4,45,1,29
vocabulary,33,train\vocabulary\vocabulary_9_2.mp4,45,1,29
vocabulary,33,train\vocabulary\vocabulary_9_3.mp4,45,1,29
vocabulary,33,train\vocabulary\vocabulary_9_4.mp4,45,1,29
vocabulary,33,train\vocabulary\vocabulary_9_5.mp4,45,1,29
word,34,train\word\word_0_0.mp4,45,1,29
word,34,train\word\word_0_1.mp4,45,1,29
word,34,train\word\word_0_2.mp4,45,1,29
word,34,train\word\word_0_3.mp4,45,1,29
word,34,train\word\word_0_4.mp4,45,1,29
word,34,train\word\word_0_5.mp4,45,1,29
word,34,train\word\word_1_0.mp4,45,1,29
word,34,train\word\word_1_1.mp4,45,1,29
word,34,train\word\word_1_2.mp4,45,1,29
word,34,train\word\word_1_3.mp4,45,1,29
word,34,train\word\word_1_4.mp4,45,1,29
word,34,train\word\word_1_5.mp4,45,1,29
word,34,train\word\word_2_0.mp4,45,1,29
word,34,train\word\word_2_1.mp4,45,1,29
word,34,train\word\word_2_2.mp4,45,1,29
word,34,train\word\word_2_3.mp4,45,1,29
word,34,train\word\word_2_4.mp4,45,1,29
word,34,train\word\word_2_5.mp4,45,1,29
word,34,train\word\word_4_0.mp4,45,1,29
word,34,train\word\word_4_1.mp4,45,1,29
word,34,train\word\word_4_2.mp4,45,1,29
word,34,train\word\word_4_3.mp4,45,1,29
word,34,train\word\word_4_4.mp4,45,1,29
word,34,train\word\word_4_5.mp4,45,1,29
word,34,train\word\word_5_0.mp4,45,1,29
word,34,train\word\word_5_1.mp4,45,1,29
word,34,train\word\word_5_2.mp4,45,1,29
word,34,train\word\word_5_3.mp4,45,1,29
word,34,train\word\word_5_4.mp4,45,1,29
word,34,train\word\word_5_5.mp4,45,1,29
yes,35,train\yes\yes_4_0.mp4,37,1,29
yes,35,train\yes\yes_4_1.mp4,37,1,29
yes,35,train\yes\yes_4_2.mp4,37,1,29
yes,35,train\yes\yes_4_3.mp4,37,1,29
yes,35,train\yes\yes_4_4.mp4,37,1,29
yes,35,train\yes\yes_4_5.mp4,37,1,29
yes,35,train\yes\yes_5_0.mp4,37,1,29
yes,35,train\yes\yes_5_1.mp4,37,1,29
yes,35,train\yes\yes_5_2.mp4,37,1,29
yes,35,train\yes\yes_5_3.mp4,37,1,29
yes,35,train\yes\yes_5_4.mp4,37,1,29
yes,35,train\yes\yes_5_5.mp4,37,1,29
yes,35,train\yes\yes_6_0.mp4,37,1,29
yes,35,train\yes\yes_6_1.mp4,37,1,29
yes,35,train\yes\yes_6_2.mp4,37,1,29
yes,35,train\yes\yes_6_3.mp4,37,1,29
yes,35,train\yes\yes_6_4.mp4,37,1,29
yes,35,train\yes\yes_6_5.mp4,37,1,29
yes,35,train\yes\yes_8_0.mp4,37,1,29
yes,35,train\yes\yes_8_1.mp4,37,1,29
yes,35,train\yes\yes_8_2.mp4,37,1,29
yes,35,train\yes\yes_8_3.mp4,37,1,29
yes,35,train\yes\yes_8_4.mp4,37,1,29
yes,35,train\yes\yes_8_5.mp4,37,1,29
yes,35,train\yes\yes_9_0.mp4,37,1,29
yes,35,train\yes\yes_9_1.mp4,37,1,29
yes,35,train\yes\yes_9_2.mp4,37,1,29
yes,35,train\yes\yes_9_3.mp4,37,1,29
yes,35,train\yes\yes_9_4.mp4,37,1,29
yes,35,train\yes\yes_9_5.mp4,37,1,29
yours,36,train\yours\yours_2_0.mp4,45,1,29
yours,36,train\yours\yours_2_1.mp4,45,1,29
yours,36,train\yours\yours_2_2.mp4,45,1,29
yours,36,train\yours\yours_2_3.mp4,45,1,29
yours,36,train\yours\yours_2_4.mp4,45,1,29
yours,36,train\yours\yours_2_5.mp4,45,1,29
yours,36,train\yours\yours_5_0.mp4,45,1,29
yours,36,train\yours\yours_5_1.mp4,45,1,29
yours,36,train\yours\yours_5_2.mp4,45,1,29
yours,36,train\yours\yours_5_3.mp4,45,1,29
yours,36,train\yours\yours_5_4.mp4,45,1,29
yours,36,train\yours\yours_5_5.mp4,45,1,29
yours,36,train\yours\yours_6_0.mp4,45,1,29
yours,36,train\yours\yours_6_1.mp4,45,1,29
yours,36,train\yours\yours_6_2.mp4,45,1,29
yours,36,train\yours\yours_6_3.mp4,45,1,29
yours,36,train\yours\yours_6_4.mp4,45,1,29
yours,36,train\yours\yours_6_5.mp4,45,1,29
yours,36,train\yours\yours_8_0.mp4,45,1,29
yours,36,train\yours\yours_8_1.mp4,45,1,29
yours,36,train\yours\yours_8_2.mp4,45,1,29
yours,36,train\yours\yours_8_3.mp4,45,1,29
yours,36,train\yours\yours_8_4.mp4,45,1,29
yours,36,train\yours\yours_8_5.mp4,45,1,29
yours,36,train\yours\yours_9_0.mp4,45,1,29
yours,36,train\yours\yours_9_1.mp4,45,1,29
yours,36,train\yours\yours_9_2.mp4,45,1,29
yours,36,train\yours\yours_9_3.mp4,45,1,29
yours,36,train\yours\yours_9_4.mp4,45,1,29
yours,36,train\yours\yours_9_5.mp4,45,1,29
